Sample,X,Y,Z
0,0.0974,-0.1721,-1.0461
1,0.0674,-0.1362,-1.0171
2,0.0581,-0.0642,-1.0178
3,0.0867,-0.0623,-1.0325
4,0.1167,-0.1526,-1.0513
5,0.1016,-0.1636,-1.0386
6,0.0496,-0.0842,-1.0110
7,0.0637,-0.0525,-1.0129
8,0.1099,-0.1104,-1.0474
9,0.1001,-0.1826,-1.0464
10,0.0635,-0.1372,-1.0210
11,0.0596,-0.0530,-1.0217
12,0.0940,-0.0786,-1.0415
13,0.1140,-0.1536,-1.0452
14,0.0845,-0.1611,-1.0415
15,0.0574,-0.0916,-1.0112
16,0.0793,-0.0496,-1.0227
17,0.1174,-0.1167,-1.0483
18,0.1121,-0.1816,-1.0520
19,0.0605,-0.1204,-1.0256
20,0.0510,-0.0569,-1.0178
21,0.1001,-0.0710,-1.0376
22,0.1187,-0.1492,-1.0513
23,0.0806,-0.1626,-1.0356
24,0.0540,-0.0808,-1.0142
25,0.0796,-0.0388,-1.0276
26,0.1079,-0.1311,-1.0432
27,0.0967,-0.1792,-1.0405
28,0.0601,-0.1047,-1.0161
29,0.0549,-0.0649,-1.0159
30,0.0945,-0.0764,-1.0396
31,0.1152,-0.1553,-1.0500
32,0.0842,-0.1555,-1.0354
33,0.0620,-0.0732,-1.0142
34,0.0920,-0.0547,-1.0276
35,0.1211,-0.1221,-1.0530
36,0.1040,-0.1704,-1.0413
37,0.0640,-0.1123,-1.0181
38,0.0637,-0.0505,-1.0168
39,0.1069,-0.0811,-1.0386
40,0.1138,-0.1638,-1.0435
41,0.0808,-0.1479,-1.0266
42,0.0581,-0.0754,-1.0142
43,0.0847,-0.0530,-1.0266
44,0.1140,-0.1235,-1.0510
45,0.1089,-0.1565,-1.0374
46,0.0603,-0.1218,-1.0217
47,0.0537,-0.0461,-1.0103
48,0.1074,-0.0872,-1.0435
49,0.1157,-0.1633,-1.0530
50,0.0837,-0.1404,-1.0295
51,0.0591,-0.0784,-1.0168
52,0.1060,-0.0496,-1.0305
53,0.1187,-0.1882,-1.0610
54,0.1370,0.0181,-1.0764
55,0.0813,0.3101,-1.0491
56,0.0459,0.1492,-1.0149
57,0.1416,0.0940,-1.0845
58,0.1814,0.4790,-1.2170
59,0.0552,1.0720,-1.1938
60,-0.0227,1.0327,-1.1223
61,0.1235,0.3728,-1.1519
62,0.1255,0.8999,-1.0217
63,-0.0330,1.5493,-1.0110
64,-0.0093,0.9937,-1.1262
65,0.0352,0.4021,-0.9800
66,0.1060,1.0134,-0.9185
67,0.0366,0.7722,-1.0220
68,0.0308,-0.2949,-1.0591
69,0.1963,-0.0017,-0.8003
70,0.1399,1.1069,-0.9592
71,0.0496,-0.1970,-1.3206
72,0.1084,-0.9526,-1.0386
73,0.1702,0.2734,-0.8596
74,0.0579,0.8796,-0.9634
75,0.0220,-0.1160,-1.0989
76,0.1616,-0.2822,-1.1343
77,0.1511,0.4604,-1.1252
78,0.1296,0.6421,-1.2268
79,0.1140,0.3628,-1.0188
80,0.1069,0.6538,-0.9602
81,0.1580,0.4146,-1.2505
82,-0.0046,0.5857,-1.2261
83,-0.0364,0.9741,-1.1223
84,-0.1157,1.0759,-0.7515
85,0.1785,0.3921,-1.0852
86,0.1514,0.2944,-1.0920
87,-0.1938,0.6130,-1.1001
88,-0.0496,0.9487,-1.0129
89,0.0977,0.0227,-1.0708
90,0.1965,-0.0642,-0.9797
91,0.1729,0.4285,-1.1343
92,0.1753,0.0654,-0.9829
93,0.0537,-0.2195,-1.0327
94,0.1116,0.5505,-0.9526
95,0.0688,0.3835,-1.1177
96,0.0574,0.0239,-1.1128
97,0.0684,0.0908,-1.1431
98,0.1135,0.8052,-0.9719
99,0.0791,0.4607,-1.1880
100,0.1140,0.0012,-1.0481
101,0.0356,0.2832,-0.9700
102,0.0420,0.5591,-0.9553
103,-0.0261,-0.1125,-1.0491
104,0.1650,-0.3794,-0.8462
105,0.1333,0.2019,-0.9067
106,-0.1531,0.0896,-0.9165
107,-0.0327,-0.3079,-1.0813
108,0.1899,-0.5835,-0.9761
109,0.0991,-0.3960,-1.0337
110,-0.1125,0.0852,-0.7444
111,0.1968,-0.6187,-1.2329
112,0.2424,-0.5725,-1.0383
113,0.1611,-0.4143,-1.1145
114,0.1479,-0.2212,-0.9419
115,0.0210,-0.3176,-1.1799
116,0.2366,-0.3049,-1.0422
117,0.3196,-0.0498,-0.9875
118,-0.0127,0.1538,-0.9858
119,-0.0750,0.0305,-0.9331
120,0.1040,0.2805,-1.1235
121,0.1018,0.1396,-1.1753
122,-0.0386,0.2371,-0.9175
123,-0.0283,0.4028,-1.0735
124,-0.0271,0.0581,-1.0344
125,0.1306,-0.0356,-0.9644
126,0.2026,-0.2937,-1.1196
127,-0.0991,0.2791,-0.9341
128,0.0547,-0.2161,-1.1360
129,0.1350,-0.2629,-0.9055
130,0.2039,-0.1711,-0.9534
131,0.0020,-0.1191,-0.8823
132,-0.0447,-0.2190,-1.0432
133,0.2007,0.0193,-1.0474
134,0.2126,-0.2437,-0.9683
135,0.1250,-0.3196,-0.9866
136,0.0369,-0.0161,-0.9553
137,0.1184,-0.2424,-1.1470
138,0.1704,-0.5239,-1.1333
139,0.2058,0.1118,-1.0706
140,0.1514,-0.0166,-1.0051
141,0.0479,-0.2405,-1.1624
142,0.0110,-0.0930,-0.9973
143,0.0330,0.4822,-0.9487
144,0.0430,0.1355,-1.1362
145,0.1414,-0.7190,-1.0930
146,0.2710,0.1824,-0.8540
147,0.0989,0.4124,-0.9504
148,-0.0662,0.0359,-1.0659
149,-0.0293,-0.5930,-1.0686
150,0.0547,0.0100,-0.8921
151,0.0049,0.4978,-0.8521
152,0.0312,-0.1418,-0.9749
153,0.0852,-0.4309,-1.0364
154,0.0474,-0.1780,-1.0229
155,-0.0232,0.0039,-1.0220
156,0.0051,-0.2903,-0.9993
157,0.2371,-0.4514,-1.0676
158,0.2351,-0.6917,-1.2278
159,-0.1362,-0.0752,-0.9563
160,0.0112,0.2747,-0.9983
161,0.2917,-0.1499,-1.1096
162,0.2556,-0.8088,-1.1458
163,0.1138,0.0549,-0.8813
164,-0.0420,0.4333,-1.1060
165,-0.0510,0.4263,-1.1135
166,0.1978,-0.6841,-1.0688
167,0.1660,-0.2227,-0.8794
168,-0.0474,0.2720,-1.0061
169,-0.0791,0.2129,-1.0210
170,0.0432,-0.4995,-1.1353
171,0.1260,-0.2913,-1.1565
172,0.0703,0.0776,-0.8938
173,0.1216,0.2888,-0.9565
174,0.1812,-0.3306,-1.1460
175,0.0566,-0.5173,-0.8987
176,-0.0090,-0.0012,-0.9087
177,0.0217,0.2134,-1.1458
178,0.1821,0.1240,-1.1646
179,0.1873,-0.6604,-0.9534
180,0.0469,-0.1135,-0.7385
181,0.0117,-0.1421,-1.0422
182,0.0945,0.1238,-1.1880
183,0.1294,-0.6995,-1.2454
184,0.1582,-0.2839,-1.0083
185,0.1926,-0.0256,-0.7935
186,0.0696,0.6169,-1.0532
187,0.0032,-0.5396,-1.3394
188,0.0610,-0.3726,-0.9214
189,0.1904,-0.2241,-0.9917
190,0.1238,0.8179,-0.9592
191,0.1052,-0.1052,-1.1741
192,0.1570,-0.3711,-1.0239
193,0.0872,-0.3918,-0.8850
194,0.0410,0.3259,-0.8530
195,-0.0317,-0.1792,-1.0581
196,-0.0437,-0.3496,-1.1001
197,0.1433,-0.5422,-1.0696
198,0.1074,0.8162,-0.9810
199,0.0027,-0.4182,-1.2522
200,0.0554,-0.2212,-0.9397
201,0.2703,-0.5383,-1.1477
202,0.0115,0.6948,-0.9065
203,0.0237,-0.2366,-1.1321
204,0.1843,-0.1438,-1.0100
205,0.0398,-0.4148,-0.9282
206,-0.0374,0.2107,-0.9507
207,-0.1096,-0.3921,-1.0874
208,0.0645,-0.1016,-0.9731
209,0.2251,-0.1855,-1.0024
210,0.2690,-0.3442,-1.0571
211,-0.0630,-0.1653,-0.9377
212,0.0647,0.7192,-1.0149
213,0.0571,-0.6174,-1.0735
214,0.2058,-0.4036,-1.1038
215,0.2268,0.5457,-0.9956
216,0.0173,0.1992,-1.0149
217,-0.0234,-0.3206,-1.0364
218,0.0735,-0.2529,-1.1389
219,0.0903,0.3552,-1.0229
220,0.1421,-0.2288,-1.1567
221,0.2324,-0.5601,-1.0005
222,0.2732,-0.1868,-0.9084
223,0.0581,0.4487,-1.0051
224,0.0542,-0.4036,-1.0637
225,0.1191,0.1899,-0.9817
226,0.0334,-0.3540,-0.9175
227,-0.0896,0.3472,-0.7766
228,0.0925,-0.1504,-1.1860
229,0.1418,-0.0608,-1.1685
230,0.0125,-0.3196,-1.0706
231,0.0725,0.0273,-0.9299
232,0.0217,-0.1245,-1.0444
233,0.2332,-0.0022,-1.2327
234,0.2139,-0.5425,-1.0718
235,0.1211,0.1096,-0.9407
236,0.1123,0.0706,-0.9153
237,0.1931,0.2036,-0.9866
238,0.0322,-0.5366,-1.0210
239,-0.0261,0.0986,-0.8596
240,0.0110,0.1548,-0.9983
241,0.1455,0.0325,-1.2268
242,0.0378,-0.4341,-0.9614
243,-0.0667,-0.1763,-0.8501
244,-0.0334,0.3384,-0.9133
245,0.0273,-0.4331,-1.1938
246,0.1125,-0.2085,-1.1382
247,0.1338,-0.0461,-1.0217
248,0.1899,-0.3257,-0.9292
249,0.1812,0.3367,-0.9507
250,0.1436,0.0244,-1.1313
251,0.1162,-0.4097,-1.0181
252,0.0854,-0.2163,-0.9585
253,0.1653,0.7612,-0.9045
254,-0.0068,-0.0564,-1.0337
255,-0.0508,-0.4761,-1.0464
256,0.0315,-0.0935,-0.8364
257,0.0691,0.2739,-1.0110
258,0.0269,-0.3091,-1.0825
259,0.1042,-0.3020,-1.1145
260,0.1267,0.1296,-0.9563
261,0.0850,-0.0229,-1.0149
262,0.1345,-0.1658,-1.0881
263,0.1543,-0.0286,-1.0168
264,0.1807,-0.2026,-1.1001
265,0.1990,-0.0664,-1.0745
266,0.1343,0.0071,-1.2466
267,0.1021,-0.3364,-1.0591
268,0.1289,0.3259,-0.8247
269,0.0627,-0.6917,-1.0100
270,0.0464,0.1003,-0.9116
271,0.0657,-0.0559,-1.3147
272,-0.1104,0.1099,-1.0227
273,-0.0667,-0.2769,-0.9624
274,0.1677,0.1997,-0.8665
275,0.0261,-0.2781,-0.9683
276,0.0002,-0.1196,-1.1265
277,0.1106,-0.0676,-1.1711
278,0.2285,0.0830,-1.1040
279,0.2212,-0.5044,-1.0835
280,0.3572,0.3765,-0.9397
281,0.1228,-0.3250,-1.1653
282,0.0803,0.4832,-0.9155
283,0.1877,-0.3733,-1.1262
284,0.0186,0.3262,-0.8892
285,-0.1353,0.0818,-0.9956
286,0.0898,-0.0332,-1.0269
287,-0.0244,-0.5425,-1.0317
288,0.0100,-0.3276,-1.0151
289,-0.0269,0.1343,-0.9487
290,0.1079,-0.2778,-1.0767
291,0.2390,-0.7659,-1.1760
292,0.1843,0.1279,-0.9993
293,0.0017,0.1130,-1.0786
294,0.0894,0.0601,-0.9253
295,0.2566,-0.4661,-1.2952
296,0.1265,-0.0840,-0.9790
297,0.0310,0.2300,-1.0178
298,-0.0754,0.2737,-1.1692
299,0.0579,-0.3303,-1.0686
300,0.2344,-0.3022,-0.9644
301,0.1482,-0.1963,-0.8967
302,0.0159,0.2322,-0.9624
303,0.0439,0.0137,-1.0796
304,0.0933,-0.4272,-1.1714
305,0.0298,-0.1406,-0.8879
306,0.1240,0.2371,-0.7358
307,0.1365,-0.1194,-1.1819
308,0.0129,-0.3706,-1.3159
309,-0.0168,-0.4517,-1.0601
310,0.1123,0.2742,-0.9282
311,0.0916,0.0266,-1.0286
312,0.1460,-0.6519,-1.1646
313,0.1323,-0.3674,-1.1663
314,0.0845,0.0837,-1.1597
315,0.0129,0.1362,-0.9485
316,0.1951,-0.3606,-1.1897
317,0.1653,-0.0869,-0.9143
318,0.0969,0.1226,-0.9543
319,0.0588,0.0427,-1.0620
320,-0.1255,-0.1086,-0.8938
321,0.0732,0.0762,-0.9211
322,0.0872,-0.2251,-1.0317
323,-0.0786,-0.0198,-1.0422
324,0.0938,-0.1055,-1.1106
325,0.1719,-0.2451,-1.2456
326,0.0854,-0.3472,-1.1587
327,0.1680,0.0627,-0.9312
328,0.2197,-0.0408,-1.0015
329,0.1753,-0.4751,-1.1274
330,0.0464,-0.1624,-1.0894
331,0.1262,0.0620,-0.8655
332,0.2222,0.7009,-0.8667
333,0.1360,-0.8127,-1.1536
334,0.0237,0.0381,-0.8323
335,-0.0293,-0.0342,-1.0295
336,0.0095,0.2192,-1.0203
337,0.0532,-0.5903,-1.1548
338,0.1379,-0.1675,-0.9575
339,-0.0166,0.1655,-0.9797
340,0.0942,0.0718,-1.1741
341,0.1360,-0.3928,-1.1506
342,0.1760,-0.1226,-1.0220
343,0.2358,-0.0339,-1.0171
344,0.1863,0.3374,-1.0510
345,-0.0066,-0.2275,-1.1382
346,0.0759,-0.5120,-0.8557
347,-0.0181,-0.0791,-0.7854
348,-0.0085,0.3530,-0.9875
349,0.0298,-0.2468,-1.0823
350,0.1255,-0.6401,-1.0522
351,0.0208,0.0715,-0.8833
352,-0.1011,0.4448,-0.9436
353,0.1218,-0.3582,-1.1812
354,0.2781,-0.5081,-1.1399
355,0.1782,-0.0715,-1.0874
356,-0.0352,0.3337,-0.8267
357,0.1289,0.0237,-1.1995
358,0.2000,-0.3596,-1.2112
359,0.0698,0.0833,-0.8833
360,0.0566,0.1721,-0.9192
361,0.0359,0.2249,-0.9827
362,0.0706,-0.3716,-1.1499
363,0.0862,-0.1924,-1.0588
364,0.0229,-0.0125,-0.8843
365,0.0996,-0.2263,-1.0171
366,0.1191,-0.0139,-0.9907
367,0.0266,-0.4104,-1.1272
368,0.1257,-0.2195,-0.9524
369,0.1543,0.2502,-0.9702
370,0.0955,-0.1016,-1.0767
371,0.0869,-0.4583,-1.1692
372,0.0894,0.3987,-1.0366
373,0.0288,0.0540,-0.9729
374,0.1631,0.0430,-0.9497
375,0.1443,-0.3506,-1.0667
376,0.1111,-0.0032,-0.9817
377,0.0151,-0.1760,-1.1018
378,0.0742,0.0833,-0.9924
379,0.0508,-0.2407,-0.9409
380,0.1323,-0.0432,-1.0386
381,0.0081,-0.2991,-1.0315
382,0.0178,-0.1106,-0.8345
383,0.1858,0.1145,-1.1460
384,-0.0051,0.0837,-1.0063
385,0.0571,-0.1111,-1.0854
386,0.3110,-0.1064,-0.8989
387,0.0974,0.0317,-1.1096
388,-0.0608,-0.0459,-0.9673
389,0.1089,-0.3030,-1.1819
390,0.1289,-0.0320,-1.1167
391,0.0408,-0.2251,-1.0659
392,0.0718,0.0442,-1.0005
393,0.0605,-0.1733,-1.0728
394,0.0850,-0.0166,-0.9651
395,0.1687,-0.2981,-0.9934
396,0.0610,0.1169,-0.9097
397,0.0176,0.1304,-1.0686
398,0.1311,-0.3105,-1.1294
399,0.0852,-0.3469,-0.8625
400,0.1055,0.7192,-0.7756
401,0.1626,-0.3062,-1.3394
402,0.0107,-0.3433,-1.0356
403,0.1321,-0.1528,-0.8706
404,0.1277,0.3530,-1.0667
405,-0.1741,-0.1812,-1.2729
406,0.0972,-0.2981,-1.0833
407,0.3301,-0.2505,-0.9575
408,0.1096,-0.1028,-1.0535
409,-0.1396,-0.0410,-1.0364
410,0.0898,-0.0549,-1.0266
411,0.2419,-0.3674,-1.0481
412,0.2302,0.1216,-0.9514
413,-0.0396,0.2009,-1.0493
414,-0.2056,-0.1418,-0.7991
415,0.1333,-0.2114,-1.0508
416,0.1448,-0.1147,-1.1489
417,-0.0352,0.1306,-1.1499
418,-0.0308,-0.2793,-1.0728
419,0.2078,-0.2629,-1.0120
420,0.1848,-0.2456,-1.0835
421,0.0720,0.0408,-1.0979
422,0.0054,-0.2454,-1.0461
423,0.2822,-0.4243,-1.2124
424,0.1873,0.1650,-0.9846
425,-0.0396,0.4309,-0.9749
426,-0.1436,-0.2664,-0.9006
427,0.0010,-0.3655,-0.8313
428,0.0898,0.1538,-1.0208
429,-0.0264,0.1968,-1.2385
430,0.0005,-0.2815,-1.2551
431,0.1099,-0.3286,-0.9312
432,0.1953,0.2820,-0.8970
433,0.1526,-0.2551,-1.0493
434,0.1365,-0.3271,-1.1907
435,0.1111,-0.5081,-1.1018
436,0.0923,0.2729,-0.8235
437,0.0681,0.5229,-1.0012
438,0.0889,-0.2642,-1.2505
439,-0.0186,-0.6672,-0.9358
440,0.1213,-0.0054,-0.8745
441,-0.0627,0.5496,-0.9292
442,0.0195,-0.3579,-1.2642
443,0.1519,-0.3376,-1.1509
444,0.1472,0.0237,-1.0337
445,0.0537,-0.0457,-0.8889
446,0.1250,-0.2983,-1.0151
447,0.1235,-0.1609,-1.1321
448,0.0513,0.1326,-1.1304
449,0.1289,0.1882,-1.0493
450,0.2524,-0.0129,-1.0835
451,0.2114,-0.0076,-0.9897
452,-0.0044,-0.0515,-0.7629
453,0.1465,-0.1455,-0.9399
454,0.0515,-0.5325,-1.1233
455,-0.0315,-0.3740,-1.0579
456,-0.0764,-0.3411,-0.8782
457,-0.0828,-0.6770,-0.7356
458,0.0127,-0.9612,-0.9250
459,0.0825,-1.1050,-1.1187
460,0.1687,-1.1184,-1.1370
461,0.2788,-0.7212,-0.9829
462,0.1584,-1.0452,-0.9856
463,0.0493,-1.3784,-1.1743
464,0.1711,-1.0559,-1.0247
465,0.0728,-0.5933,-0.9478
466,0.0950,-0.7991,-1.1614
467,0.1453,-0.6946,-1.0969
468,0.0481,-0.7737,-1.1770
469,0.1060,-0.1643,-1.0540
470,0.1155,-0.3208,-1.1040
471,0.0833,-0.4771,-1.0005
472,0.1367,-0.5405,-1.1753
473,0.1016,-0.0244,-1.0715
474,-0.0359,0.0315,-0.8899
475,0.1277,-0.5969,-0.9709
476,0.1021,-0.5481,-0.8743
477,-0.1079,-0.1460,-0.9270
478,-0.1116,-0.2571,-0.9192
479,0.1609,-1.0405,-0.9526
480,0.0691,-0.7092,-0.9104
481,-0.1040,-0.4106,-0.8892
482,0.1602,-0.7671,-1.0259
483,0.2991,-1.1545,-1.0178
484,0.0691,-1.2004,-1.1135
485,0.0249,-0.4897,-1.0610
486,0.0356,-0.5337,-1.0229
487,0.0471,-1.1409,-0.9231
488,0.3354,-1.1948,-1.2378
489,0.2114,-0.4272,-1.1724
490,-0.1199,-0.2512,-0.9934
491,0.1191,-0.6733,-0.9165
492,0.3396,-1.0168,-1.0969
493,-0.0571,-0.2844,-1.3303
494,-0.3804,0.2124,-1.0100
495,0.2361,-0.2771,-0.8176
496,0.7332,-1.0706,-0.9778
497,0.1736,-0.6038,-1.0042
498,-0.4534,0.2292,-0.9868
499,-0.0310,0.0745,-0.8625
500,0.3474,-1.4661,-1.0149
501,0.0876,-0.7222,-0.9819
502,-0.3489,0.2764,-1.0757
503,-0.0725,0.3110,-1.1311
504,0.3477,-0.2134,-1.0942
505,0.2622,-0.0781,-1.0415
506,-0.0330,0.2937,-0.9937
507,0.0383,0.0325,-0.9651
508,0.1985,-0.1392,-0.9067
509,0.1265,-0.0457,-0.9897
510,0.0513,-0.1641,-1.1362
511,-0.0222,-0.2749,-1.0872
512,0.0803,-0.1060,-1.0513
513,0.1150,-0.2651,-1.0044
514,0.0754,-0.3972,-1.0667
515,0.0708,-0.2104,-1.0845
516,0.0312,0.0354,-1.0061
517,0.0747,0.0042,-1.0549
518,0.1494,0.0205,-0.9888
519,0.1443,-0.0374,-1.0139
520,0.0974,0.0146,-1.0120
521,0.0579,-0.0432,-1.0208
522,0.0649,-0.0874,-1.0054
523,0.0652,-0.1504,-1.0002
524,0.0420,-0.2839,-1.0276
525,0.0461,-0.1506,-1.0776
526,0.0769,-0.0920,-1.0950
527,0.0833,-0.1067,-1.0032
528,0.1106,-0.0183,-0.9836
529,0.1321,-0.0039,-1.0374
530,0.0667,-0.0015,-1.0227
531,0.0898,0.0083,-1.0122
532,0.1194,-0.0437,-0.9995
533,0.0752,-0.0706,-1.0122
534,0.0229,-0.0383,-1.0354
535,0.0498,-0.1086,-1.0618
536,0.1221,-0.2695,-1.0649
537,0.1287,-0.2615,-1.0217
538,0.0776,-0.1111,-1.0503
539,0.0737,0.0073,-1.0786
540,0.1279,-0.0369,-1.0718
541,0.1462,-0.0791,-1.0286
542,0.0959,-0.0486,-0.9836
543,0.0437,-0.0034,-0.9983
544,0.0405,-0.0369,-1.0542
545,0.0886,-0.1426,-1.0776
546,0.0828,-0.1433,-1.0269
547,0.0474,-0.0525,-1.0308
548,0.0725,-0.0513,-1.0471
549,0.1099,-0.1238,-1.0308
550,0.1326,-0.1333,-1.0151
551,0.1021,-0.0439,-1.0208
552,0.0571,0.0813,-1.0237
553,0.0769,0.0422,-1.0266
554,0.1206,-0.0706,-1.0103
555,0.0974,-0.1277,-1.0093
556,0.0464,-0.0444,-1.0383
557,0.0667,-0.0457,-1.0686
558,0.0989,-0.1587,-1.0540
559,0.1116,-0.1589,-1.0249
560,0.0806,-0.0994,-1.0278
561,0.0740,-0.0398,-1.0500
562,0.0925,-0.0525,-1.0442
563,0.1118,-0.0752,-1.0034
564,0.1018,-0.0381,-0.9973
565,0.0452,0.0251,-1.0210
566,0.0498,0.0078,-1.0571
567,0.1011,-0.0820,-1.0259
568,0.1182,-0.1238,-0.9946
569,0.0623,-0.0732,-1.0374
570,0.0325,-0.0149,-1.0444
571,0.0811,-0.0828,-1.0559
572,0.1189,-0.1360,-1.0217
573,0.1018,-0.0962,-1.0051
574,0.0667,0.0056,-1.0305
575,0.0740,-0.0203,-1.0598
576,0.1079,-0.0837,-1.0317
577,0.1099,-0.0979,-1.0071
578,0.0630,-0.0652,-1.0491
579,0.0359,-0.0254,-1.0500
580,0.0950,-0.1157,-1.0601
581,0.1138,-0.1497,-1.0327
582,0.0603,-0.1096,-1.0120
583,0.0442,-0.0127,-1.0354
584,0.0688,-0.0515,-1.0569
585,0.1179,-0.1218,-1.0364
586,0.1177,-0.0793,-1.0042
587,0.0669,-0.0132,-1.0354
588,0.0552,0.0269,-1.0444
589,0.0962,-0.0767,-1.0376
590,0.1101,-0.1311,-1.0198
591,0.0652,-0.0801,-1.0081
592,0.0452,-0.0359,-1.0249
593,0.0730,-0.0708,-1.0532
594,0.0996,-0.1228,-1.0325
595,0.0955,-0.1282,-1.0090
596,0.0703,-0.0425,-1.0237
597,0.0752,-0.0110,-1.0549
598,0.0972,-0.1047,-1.0522
599,0.1016,-0.1018,-1.0120
600,0.0723,-0.0647,-1.0129
601,0.0601,-0.0374,-1.0483
602,0.0764,-0.0891,-1.0522
603,0.1113,-0.1372,-1.0083
604,0.1111,-0.1218,-1.0149
605,0.0618,-0.0544,-1.0413
606,0.0603,-0.0339,-1.0608
607,0.1069,-0.0999,-1.0356
608,0.1318,-0.1404,-1.0083
609,0.0715,-0.0793,-1.0198
610,0.0430,-0.0083,-1.0305
611,0.0750,-0.0779,-1.0540
612,0.1101,-0.1392,-1.0278
613,0.0867,-0.1077,-1.0051
614,0.0696,-0.0645,-1.0356
615,0.0820,-0.0718,-1.0649
616,0.0994,-0.1248,-1.0374
617,0.1079,-0.1343,-1.0190
618,0.0769,-0.0896,-1.0364
619,0.0535,-0.0371,-1.0278
620,0.0642,-0.1082,-1.0422
621,0.1116,-0.1458,-1.0168
622,0.0823,-0.1323,-1.0093
623,0.0439,-0.0432,-1.0344
624,0.0645,-0.0701,-1.0620
625,0.1226,-0.1472,-1.0405
626,0.1257,-0.1638,-1.0161
627,0.0806,-0.0833,-1.0354
628,0.0620,-0.0398,-1.0503
629,0.0881,-0.1104,-1.0500
630,0.1094,-0.1445,-1.0132
631,0.0754,-0.1194,-1.0061
632,0.0439,-0.0557,-1.0298
633,0.0688,-0.0847,-1.0549
634,0.1094,-0.1440,-1.0396
635,0.1084,-0.1477,-1.0120
636,0.0732,-0.1030,-1.0386
637,0.0798,-0.0530,-1.0452
638,0.1033,-0.1274,-1.0503
639,0.1064,-0.1550,-1.0103
640,0.0718,-0.1006,-1.0022
641,0.0461,-0.0481,-1.0249
642,0.0706,-0.0798,-1.0530
643,0.1040,-0.1367,-1.0229
644,0.1042,-0.1355,-1.0032
645,0.0706,-0.0747,-1.0464
646,0.0444,-0.0530,-1.0549
647,0.0803,-0.1199,-1.0403
648,0.1157,-0.1587,-1.0054
649,0.0881,-0.1255,-1.0171
650,0.0286,-0.0503,-1.0337
651,0.0608,-0.0698,-1.0461
652,0.1162,-0.1338,-1.0317
653,0.1196,-0.1401,-1.0181
654,0.0598,-0.0698,-1.0337
655,0.0671,-0.0364,-1.0483
656,0.1030,-0.1199,-1.0522
657,0.1108,-0.1411,-1.0161
658,0.0630,-0.0903,-1.0208
659,0.0608,-0.0312,-1.0269
660,0.0815,-0.1101,-1.0415
661,0.0896,-0.1519,-1.0171
662,0.0977,-0.1104,-1.0042
663,0.0813,-0.0559,-1.0442
664,0.0691,-0.0479,-1.0669
665,0.0959,-0.0979,-1.0383
666,0.1309,-0.1226,-1.0142
667,0.0798,-0.1147,-1.0259
668,0.0376,-0.0107,-1.0308
669,0.0825,-0.0562,-1.0454
670,0.1135,-0.1538,-1.0413
671,0.0906,-0.1094,-1.0022
672,0.0720,-0.0281,-1.0386
673,0.0757,-0.0764,-1.0696
674,0.1057,-0.1162,-1.0366
675,0.1138,-0.1030,-1.0083
676,0.0793,-0.0747,-1.0364
677,0.0693,-0.0176,-1.0461
678,0.0886,-0.0750,-1.0432
679,0.1128,-0.1213,-1.0278
680,0.0977,-0.0962,-1.0073
681,0.0583,-0.0371,-1.0327
682,0.0681,-0.0361,-1.0647
683,0.1111,-0.1128,-1.0481
684,0.1208,-0.1436,-1.0120
685,0.0664,-0.0574,-1.0298
686,0.0544,-0.0005,-1.0383
687,0.0896,-0.1011,-1.0464
688,0.1055,-0.1248,-1.0190
689,0.0774,-0.0798,-1.0122
690,0.0513,-0.0195,-1.0298
691,0.0713,-0.0510,-1.0520
692,0.1104,-0.1064,-1.0425
693,0.1121,-0.1064,-1.0090
694,0.0779,-0.0764,-1.0347
695,0.0725,-0.0317,-1.0444
696,0.0879,-0.0771,-1.0552
697,0.1135,-0.1282,-1.0217
698,0.0935,-0.0969,-1.0132
699,0.0547,-0.0237,-1.0288
700,0.0791,-0.0469,-1.0520
701,0.1123,-0.1453,-1.0432
702,0.1111,-0.1086,-1.0034
703,0.0730,-0.0298,-1.0432
704,0.0842,-0.0186,-1.0598
705,0.0959,-0.0935,-1.0325
706,0.1174,-0.1184,-1.0081
707,0.0947,-0.0833,-1.0178
708,0.0437,-0.0298,-1.0305
709,0.0608,-0.0520,-1.0520
710,0.1274,-0.0945,-1.0415
711,0.1155,-0.1230,-1.0132
712,0.0603,-0.0549,-1.0325
713,0.0730,0.0015,-1.0454
714,0.1023,-0.0950,-1.0500
715,0.1038,-0.1250,-1.0249
716,0.0730,-0.0627,-1.0100
717,0.0564,-0.0139,-1.0334
718,0.0720,-0.0767,-1.0432
719,0.1062,-0.1282,-1.0315
720,0.1074,-0.0928,-1.0142
721,0.0640,-0.0532,-1.0383
722,0.0662,-0.0237,-1.0540
723,0.0981,-0.0879,-1.0464
724,0.1086,-0.1240,-1.0120
725,0.0703,-0.0823,-1.0112
726,0.0535,-0.0095,-1.0396
727,0.0681,-0.0693,-1.0571
728,0.0906,-0.1267,-1.0198
729,0.1033,-0.1086,-1.0012
730,0.0762,-0.0464,-1.0415
731,0.0632,-0.0371,-1.0618
732,0.0938,-0.0981,-1.0393
733,0.1233,-0.1238,-1.0120
734,0.0642,-0.0918,-1.0200
735,0.0476,-0.0295,-1.0383
736,0.0759,-0.0845,-1.0415
737,0.1011,-0.1304,-1.0269
738,0.0872,-0.1064,-1.0112
739,0.0671,-0.0518,-1.0435
740,0.0708,-0.0400,-1.0481
741,0.0974,-0.1221,-1.0393
742,0.1199,-0.1292,-1.0168
743,0.0671,-0.0774,-1.0276
744,0.0505,-0.0115,-1.0393
745,0.0835,-0.0955,-1.0396
746,0.1045,-0.1482,-1.0200
747,0.0747,-0.0903,-1.0034
748,0.0488,-0.0461,-1.0354
749,0.0757,-0.0566,-1.0601
750,0.1069,-0.1140,-1.0415
751,0.1064,-0.1362,-1.0122
752,0.0710,-0.0830,-1.0129
753,0.0613,-0.0247,-1.0444
754,0.0747,-0.1038,-1.0540
755,0.1042,-0.1399,-1.0178
756,0.0913,-0.0938,-1.0024
757,0.0583,-0.0503,-1.0432
758,0.0693,-0.0718,-1.0562
759,0.1057,-0.1287,-1.0305
760,0.1174,-0.1357,-1.0139
761,0.0793,-0.0649,-1.0393
762,0.0552,-0.0459,-1.0344
763,0.0784,-0.1016,-1.0383
764,0.1206,-0.1274,-1.0229
765,0.0845,-0.1272,-1.0249
766,0.0398,-0.0435,-1.0178
767,0.0818,-0.0493,-1.0571
768,0.1143,-0.1487,-1.0461
769,0.0964,-0.1465,-1.0002
770,0.0745,-0.0500,-1.0383
771,0.0767,-0.0435,-1.0562
772,0.0867,-0.1184,-1.0413
773,0.1223,-0.1304,-1.0132
774,0.0967,-0.1050,-1.0171
775,0.0437,-0.0393,-1.0237
776,0.0645,-0.0767,-1.0552
777,0.1233,-0.1274,-1.0366
778,0.1111,-0.1414,-1.0149
779,0.0654,-0.0779,-1.0344
780,0.0806,-0.0161,-1.0493
781,0.0972,-0.1113,-1.0542
782,0.1094,-0.1587,-1.0171
783,0.0688,-0.0769,-1.0024
784,0.0579,-0.0273,-1.0298
785,0.0781,-0.0884,-1.0520
786,0.1162,-0.1445,-1.0305
787,0.1086,-0.1133,-1.0042
788,0.0703,-0.0522,-1.0383
789,0.0720,-0.0601,-1.0579
790,0.0950,-0.1038,-1.0452
791,0.1135,-0.1294,-1.0103
792,0.0852,-0.1052,-1.0159
793,0.0466,-0.0315,-1.0334
794,0.0679,-0.0725,-1.0481
795,0.1165,-0.1389,-1.0403
796,0.1086,-0.1221,-1.0181
797,0.0654,-0.0471,-1.0435
798,0.0833,-0.0459,-1.0569
799,0.1091,-0.1243,-1.0481
800,0.1050,-0.1431,-1.0103
801,0.0713,-0.0688,-1.0259
802,0.0474,-0.0376,-1.0386
803,0.0745,-0.0964,-1.0452
804,0.0989,-0.1284,-1.0210
805,0.1016,-0.1157,-1.0093
806,0.0657,-0.0522,-1.0413
807,0.0740,-0.0430,-1.0549
808,0.1106,-0.1091,-1.0522
809,0.1199,-0.1340,-1.0168
810,0.0857,-0.0820,-1.0276
811,0.0540,-0.0291,-1.0344
812,0.0789,-0.0759,-1.0364
813,0.1150,-0.1326,-1.0286
814,0.0999,-0.1023,-1.0149
815,0.0593,-0.0396,-1.0256
816,0.0781,-0.0408,-1.0493
817,0.1182,-0.1216,-1.0559
818,0.1060,-0.1218,-1.0132
819,0.0767,-0.0764,-1.0259
820,0.0701,-0.0144,-1.0396
821,0.0762,-0.0952,-1.0483
822,0.0945,-0.1394,-1.0178
823,0.0876,-0.0891,-0.9993
824,0.0522,-0.0417,-1.0405
825,0.0569,-0.0562,-1.0571
826,0.1138,-0.1055,-1.0356
827,0.1213,-0.1187,-1.0120
828,0.0635,-0.0811,-1.0347
829,0.0508,-0.0095,-1.0366
830,0.0906,-0.0920,-1.0432
831,0.1147,-0.1445,-1.0278
832,0.0784,-0.0972,-1.0034
833,0.0588,-0.0276,-1.0356
834,0.0713,-0.0654,-1.0601
835,0.0957,-0.1245,-1.0337
836,0.1187,-0.1069,-1.0171
837,0.0837,-0.0779,-1.0442
838,0.0586,-0.0259,-1.0425
839,0.0837,-0.0920,-1.0403
840,0.1172,-0.1362,-1.0208
841,0.0789,-0.0950,-1.0100
842,0.0471,-0.0242,-1.0364
843,0.0615,-0.0735,-1.0425
844,0.1099,-0.1301,-1.0249
845,0.1118,-0.1208,-1.0139
846,0.0654,-0.0647,-1.0354
847,0.0618,-0.0222,-1.0530
848,0.0896,-0.1086,-1.0442
849,0.1125,-0.1294,-1.0200
850,0.0752,-0.0825,-1.0122
851,0.0542,-0.0317,-1.0288
852,0.0637,-0.0674,-1.0481
853,0.1040,-0.1277,-1.0393
854,0.0999,-0.1091,-1.0112
855,0.0637,-0.0681,-1.0315
856,0.0752,-0.0215,-1.0520
857,0.1001,-0.1143,-1.0571
858,0.1016,-0.1365,-1.0178
859,0.0737,-0.0742,-1.0120
860,0.0530,-0.0269,-1.0356
861,0.0593,-0.0808,-1.0432
862,0.1099,-0.1167,-1.0278
863,0.1091,-0.1145,-1.0168
864,0.0647,-0.0576,-1.0432
865,0.0740,-0.0271,-1.0510
866,0.1055,-0.1021,-1.0444
867,0.1118,-0.1321,-1.0237
868,0.0659,-0.0791,-1.0168
869,0.0564,-0.0259,-1.0288
870,0.0776,-0.0720,-1.0500
871,0.1069,-0.1372,-1.0308
872,0.0981,-0.1099,-1.0083
873,0.0708,-0.0447,-1.0503
874,0.0728,-0.0417,-1.0493
875,0.0896,-0.1196,-1.0403
876,0.1106,-0.1138,-1.0063
877,0.0774,-0.0879,-1.0217
878,0.0515,-0.0234,-1.0442
879,0.0691,-0.0840,-1.0425
880,0.1082,-0.1328,-1.0208
881,0.0979,-0.0989,-1.0139
882,0.0623,-0.0581,-1.0454
883,0.0771,-0.0369,-1.0483
884,0.1084,-0.1143,-1.0374
885,0.1082,-0.1379,-1.0286
886,0.0671,-0.0508,-1.0227
887,0.0518,-0.0269,-1.0317
888,0.0781,-0.0999,-1.0415
889,0.1050,-0.1230,-1.0151
890,0.0833,-0.0955,-1.0120
891,0.0576,-0.0427,-1.0374
892,0.0769,-0.0500,-1.0491
893,0.1025,-0.1199,-1.0444
894,0.1128,-0.1172,-1.0168
895,0.0845,-0.0757,-1.0278
896,0.0583,-0.0273,-1.0374
897,0.0750,-0.0835,-1.0454
898,0.1101,-0.1260,-1.0210
899,0.0828,-0.1042,-1.0168
900,0.0518,-0.0208,-1.0325
901,0.0745,-0.0630,-1.0513
902,0.1113,-0.1252,-1.0386
903,0.1128,-0.1211,-1.0217
904,0.0737,-0.0591,-1.0305
905,0.0718,-0.0378,-1.0483
906,0.1013,-0.0969,-1.0452
907,0.1096,-0.1323,-1.0200
908,0.0757,-0.0972,-1.0103
909,0.0593,-0.0354,-1.0305
910,0.0710,-0.0635,-1.0571
911,0.1050,-0.1216,-1.0356
912,0.1211,-0.1226,-1.0132
913,0.0754,-0.0762,-1.0396
914,0.0554,-0.0288,-1.0432
915,0.0908,-0.0984,-1.0452
916,0.1104,-0.1409,-1.0159
917,0.0708,-0.0952,-1.0171
918,0.0542,-0.0312,-1.0276
919,0.0747,-0.0786,-1.0481
920,0.1096,-0.1296,-1.0356
921,0.1008,-0.1211,-1.0132
922,0.0742,-0.0549,-1.0364
923,0.0793,-0.0430,-1.0569
924,0.0908,-0.1033,-1.0386
925,0.1174,-0.1343,-1.0129
926,0.0825,-0.0959,-1.0151
927,0.0549,-0.0208,-1.0344
928,0.0632,-0.0762,-1.0425
929,0.1187,-0.1409,-1.0256
930,0.1155,-0.1108,-1.0054
931,0.0718,-0.0630,-1.0422
932,0.0737,-0.0410,-1.0503
933,0.1143,-0.1040,-1.0513
934,0.1147,-0.1362,-1.0122
935,0.0693,-0.0952,-1.0168
936,0.0547,-0.0269,-1.0256
937,0.0718,-0.0730,-1.0439
938,0.0964,-0.1372,-1.0356
939,0.1057,-0.1106,-1.0051
940,0.0811,-0.0503,-1.0344
941,0.0754,-0.0608,-1.0610
942,0.0923,-0.1052,-1.0325
943,0.1123,-0.1179,-1.0149
944,0.0728,-0.1057,-1.0315
945,0.0491,-0.0269,-1.0305
946,0.0850,-0.0754,-1.0344
947,0.1172,-0.1526,-1.0325
948,0.0886,-0.1206,-1.0112
949,0.0537,-0.0439,-1.0454
950,0.0710,-0.0479,-1.0591
951,0.1052,-0.1257,-1.0383
952,0.1162,-0.1370,-1.0171
953,0.0737,-0.0786,-1.0103
954,0.0544,-0.0330,-1.0442
955,0.0708,-0.0857,-1.0444
956,0.1143,-0.1345,-1.0259
957,0.0940,-0.1057,-1.0063
958,0.0664,-0.0508,-1.0308
959,0.0732,-0.0532,-1.0610
960,0.0962,-0.1226,-1.0405
961,0.1001,-0.1382,-1.0151
962,0.0784,-0.0618,-1.0227
963,0.0552,-0.0398,-1.0483
964,0.0696,-0.0925,-1.0354
965,0.1165,-0.1475,-1.0181
966,0.0906,-0.1008,-1.0208
967,0.0420,-0.0486,-1.0354
968,0.0625,-0.0464,-1.0491
969,0.1191,-0.1331,-1.0452
970,0.1072,-0.1355,-1.0093
971,0.0737,-0.0659,-1.0337
972,0.0698,-0.0317,-1.0464
973,0.0784,-0.0955,-1.0422
974,0.1023,-0.1335,-1.0168
975,0.0874,-0.0942,-1.0093
976,0.0549,-0.0393,-1.0315
977,0.0586,-0.0674,-1.0481
978,0.1128,-0.1187,-1.0405
979,0.1167,-0.1228,-1.0142
980,0.0559,-0.0786,-1.0393
981,0.0603,-0.0129,-1.0334
982,0.0991,-0.1003,-1.0510
983,0.1064,-0.1414,-1.0178
984,0.0706,-0.0942,-1.0142
985,0.0488,-0.0200,-1.0288
986,0.0742,-0.0669,-1.0552
987,0.1011,-0.1526,-1.0415
988,0.1121,-0.0981,-1.0142
989,0.0742,-0.0613,-1.0422
990,0.0642,-0.0388,-1.0481
991,0.0898,-0.0847,-1.0383
992,0.1104,-0.1421,-1.0249
993,0.0784,-0.0916,-1.0061
994,0.0471,-0.0234,-1.0278
995,0.0737,-0.0659,-1.0464
996,0.0952,-0.1272,-1.0288
997,0.1018,-0.1147,-1.0110
998,0.0715,-0.0552,-1.0454
999,0.0557,-0.0364,-1.0452
Rate 800, overflows 0
